"('Noise', 'Noise Lower than IQR')","(('nan',), 1.0)"
"('NGHBR: West Queens', 'Noise Within Lower IQR', 'Population Higher than IQR')","(('VC Within Lower IQR',), 0.891238018090995)"
"('Major Within Lower IQR', 'Misd Lower than IQR', 'Nonmajor Lower than IQR')","(('VC Within Lower IQR',), 0.7701293283270755)"
"('Major Within Higher IQR', 'Misd Within Lower IQR', 'Noise Lower than IQR', 'Nonmajor Within Lower IQR')","(('VC Within Higher IQR',), 1.0)"
"('Major Within Higher IQR', 'Misd Within Lower IQR', 'NGHBR: Southwest Queens', 'Noise Lower than IQR')","(('VC Within Higher IQR',), 1.0)"
"('Major Within Higher IQR', 'Noise Lower than IQR', 'Nonmajor Within Lower IQR', 'Population Lower than IQR')","(('VC Within Higher IQR',), 1.0)"
"('Misd Within Lower IQR', 'NGHBR: Southwest Queens', 'Noise Lower than IQR')","(('VC Within Higher IQR',), 1.0)"
"('102', 'Major Within Higher IQR', 'Misd Within Lower IQR', 'Nonmajor Within Lower IQR')","(('VC Within Higher IQR',), 1.0)"
"('Loud Music/Party', 'Major Within Higher IQR', 'NGHBR: Southwest Queens')","(('VC Within Higher IQR',), 1.0)"
"('Loud Music/Party', 'NGHBR: Southwest Queens')","(('VC Within Higher IQR',), 1.0)"
"('NGHBR: Southwest Queens', 'Population Lower than IQR')","(('VC Within Higher IQR',), 1.0)"
"('102', 'Misd Within Lower IQR', 'Nonmajor Within Lower IQR')","(('VC Within Higher IQR',), 1.0)"
"('Major Within Higher IQR', 'Misd Within Lower IQR', 'Population Lower than IQR')","(('VC Within Higher IQR',), 1.0)"
"('102', 'Major Within Higher IQR', 'Misd Within Lower IQR', 'NGHBR: Southwest Queens', 'Nonmajor Within Lower IQR')","(('VC Within Higher IQR',), 1.0)"
"('Major Within Higher IQR', 'Misd Within Lower IQR', 'Noise Lower than IQR', 'Population Lower than IQR')","(('VC Within Higher IQR',), 1.0)"
"('102', 'Major Within Higher IQR', 'Nonmajor Within Lower IQR')","(('VC Within Higher IQR',), 1.0)"
"('Major Within Higher IQR', 'Misd Within Lower IQR', 'NGHBR: Southwest Queens', 'Noise - Residential', 'Residential Building/House')","(('VC Within Higher IQR',), 1.0)"
"('Major Within Higher IQR', 'Misd Within Lower IQR', 'NGHBR: Southwest Queens', 'Poverty Level Lower than Median')","(('VC Within Higher IQR',), 1.0)"
"('Major Within Higher IQR', 'NGHBR: Southwest Queens', 'Noise Lower than IQR', 'Population Lower than IQR')","(('VC Within Higher IQR',), 1.0)"
"('Major Within Higher IQR', 'NGHBR: Southwest Queens', 'Noise Lower than IQR', 'Nonmajor Within Lower IQR')","(('VC Within Higher IQR',), 1.0)"
"('102', 'Major Within Higher IQR', 'NGHBR: Southwest Queens', 'Nonmajor Within Lower IQR')","(('VC Within Higher IQR',), 1.0)"
"('Major Within Higher IQR', 'Misd Within Lower IQR', 'NGHBR: Southwest Queens', 'Nonmajor Within Lower IQR')","(('VC Within Higher IQR',), 1.0)"
"('Misd Within Lower IQR', 'NGHBR: Southwest Queens', 'Nonmajor Within Lower IQR')","(('VC Within Higher IQR',), 1.0)"
"('Major Within Higher IQR', 'NGHBR: Southwest Queens', 'Nonmajor Within Lower IQR', 'Poverty Level Lower than Median')","(('VC Within Higher IQR',), 1.0)"
"('NGHBR: Southwest Queens', 'Noise - Residential', 'Residential Building/House')","(('VC Within Higher IQR',), 1.0)"
"('Misd Within Lower IQR', 'Nonmajor Within Lower IQR', 'Poverty Level Lower than Median')","(('VC Within Higher IQR',), 0.9058450360570406)"
"('Major Within Higher IQR', 'Misd Within Lower IQR', 'Noise - Residential', 'Residential Building/House')","(('VC Within Higher IQR',), 0.8658730158730159)"
"('Misd Within Lower IQR', 'Noise Lower than IQR', 'Population Lower than IQR')","(('VC Within Higher IQR',), 0.8328040898137513)"
"('Major Within Higher IQR', 'Noise Lower than IQR', 'Population Lower than IQR')","(('VC Within Higher IQR',), 0.8217173661917597)"
"('Misd Within Lower IQR', 'Noise - Residential', 'Residential Building/House')","(('VC Within Higher IQR',), 0.8005185716092584)"
"('Major Within Higher IQR', 'Nonmajor Within Lower IQR', 'Poverty Level Lower than Median')","(('VC Within Higher IQR',), 0.7692246314655602)"
"('Nonmajor Within Lower IQR', 'Poverty Level Lower than Median')","(('VC Within Higher IQR',), 0.7032908619384353)"
"('114', 'NGHBR: Northwest Queens')","(('VC Higher than IQR',), 1.0)"
"('114',)","(('VC Higher than IQR',), 1.0)"
"('NGHBR: Southwest Queens', 'Noise - Residential')","(('Residential Building/House', 'VC Within Higher IQR'), 0.9982962641719844)"
"('Major Within Higher IQR', 'Misd Within Lower IQR', 'Noise - Residential')","(('Residential Building/House', 'VC Within Higher IQR'), 0.8635721151127947)"
"('2014', 'Noise - Residential')","(('Residential Building/House',), 1.0)"
"('2015', 'Noise - Residential', 'Noise Lower than IQR')","(('Residential Building/House',), 0.9999663809043536)"
"('2015', 'Loud Music/Party', 'Noise - Residential')","(('Residential Building/House',), 0.9999647477702964)"
"('Noise - Residential', 'Nonmajor Within Lower IQR', 'Poverty Level Lower than Median', 'VC Within Higher IQR')","(('Residential Building/House',), 0.9986053484885464)"
"('Noise - Residential', 'Noise Within Lower IQR', 'Nonmajor Within Lower IQR')","(('Residential Building/House',), 0.9985031807409255)"
"('Loud Music/Party', 'Misd Within Lower IQR', 'Noise - Residential', 'VC Within Higher IQR')","(('Residential Building/House',), 0.9984931865828093)"
"('Noise - Residential', 'Nonmajor Higher than IQR')","(('Residential Building/House',), 0.9984884619260354)"
"('Loud Music/Party', 'Noise - Residential', 'Nonmajor Within Lower IQR', 'VC Within Higher IQR')","(('Residential Building/House',), 0.9983963185050899)"
"('Major Within Higher IQR', 'Noise - Residential', 'Noise Within Lower IQR', 'Nonmajor Within Lower IQR')","(('Residential Building/House',), 0.9983711697037565)"
"('Major Within Higher IQR', 'Noise - Residential', 'Nonmajor Within Lower IQR', 'VC Within Higher IQR')","(('Residential Building/House',), 0.9983394221188974)"
"('Misd Within Lower IQR', 'Noise - Residential', 'Noise Lower than IQR', 'Population Lower than IQR')","(('Residential Building/House',), 0.9983136593591906)"
"('Major Within Higher IQR', 'NGHBR: Southwest Queens', 'Noise - Residential', 'VC Within Higher IQR')","(('Residential Building/House',), 0.9982962641719844)"
"('NGHBR: Southwest Queens', 'Noise - Residential', 'VC Within Higher IQR')","(('Residential Building/House',), 0.9982962641719844)"
"('Loud Music/Party', 'Major Within Higher IQR', 'Noise - Residential', 'Nonmajor Within Lower IQR')","(('Residential Building/House',), 0.9982774976284388)"
"('Major Within Higher IQR', 'Noise - Residential', 'Nonmajor Within Lower IQR', 'Poverty Level Lower than Median')","(('Residential Building/House',), 0.9982300884955753)"
"('Major Within Higher IQR', 'Misd Within Lower IQR', 'Noise - Residential', 'VC Within Higher IQR')","(('Residential Building/House',), 0.9982027905760873)"
"('Noise - Residential', 'Noise Lower than IQR', 'Population Lower than IQR', 'VC Within Higher IQR')","(('Residential Building/House',), 0.9981231231231231)"
"('Misd Within Lower IQR', 'Noise - Residential', 'Nonmajor Within Lower IQR', 'VC Within Higher IQR')","(('Residential Building/House',), 0.9981065170241333)"
"('Loud Music/Party', 'Noise - Residential', 'Nonmajor Within Lower IQR', 'Poverty Level Lower than Median')","(('Residential Building/House',), 0.9981000837251239)"
"('Loud Music/Party', 'Noise - Residential', 'Noise Lower than IQR', 'Population Lower than IQR', 'VC Within Higher IQR')","(('Residential Building/House',), 0.9980757746665782)"
"('Major Within Higher IQR', 'Misd Within Lower IQR', 'NGHBR: Southwest Queens', 'Noise - Residential', 'VC Within Higher IQR')","(('Residential Building/House',), 0.9980647431386348)"
"('Major Within Higher IQR', 'Misd Within Lower IQR', 'NGHBR: Southwest Queens', 'Noise - Residential')","(('Residential Building/House',), 0.9980647431386348)"
"('Noise - Residential', 'Nonmajor Within Lower IQR', 'Poverty Level Lower than Median')","(('Residential Building/House',), 0.9980313092979127)"
"('Major Within Higher IQR', 'Misd Within Higher IQR', 'Noise - Residential')","(('Residential Building/House',), 0.9979987929227153)"
"('Loud Music/Party', 'Misd Within Lower IQR', 'Noise - Residential')","(('Residential Building/House',), 0.997998367088941)"
"('Noise - Residential', 'Noise Lower than IQR', 'VC Higher than IQR')","(('Residential Building/House',), 0.9979860139860139)"
"('Noise - Residential', 'Noise Lower than IQR', 'Poverty Level Lower than Median', 'VC Within Higher IQR')","(('Residential Building/House',), 0.9978628263299796)"
"('Major Within Higher IQR', 'Noise - Residential', 'Noise Lower than IQR')","(('Residential Building/House',), 0.9978453187477987)"
"('Major Within Higher IQR', 'Noise - Residential', 'Noise Lower than IQR', 'VC Within Higher IQR')","(('Residential Building/House',), 0.9978442215765302)"
"('Misd Within Lower IQR', 'Noise - Residential', 'Poverty Level Lower than Median')","(('Residential Building/House',), 0.9978193773483629)"
"('Loud Music/Party', 'Noise - Residential', 'Poverty Level Lower than Median', 'VC Within Higher IQR')","(('Residential Building/House',), 0.9978005058836468)"
"('Major Within Higher IQR', 'Noise - Residential', 'Poverty Level Higher than Median')","(('Residential Building/House',), 0.9977867712153787)"
"('Major Within Higher IQR', 'Noise - Residential', 'Noise Lower than IQR', 'Poverty Level Lower than Median')","(('Residential Building/House',), 0.997784367863108)"
"('Loud Music/Party', 'Noise - Residential', 'VC Within Higher IQR')","(('Residential Building/House',), 0.9977632935502473)"
"('Major Within Higher IQR', 'Noise - Residential', 'Noise Lower than IQR', 'Population Lower than IQR')","(('Residential Building/House',), 0.9977315444941344)"
"('Loud Music/Party', 'Major Within Higher IQR', 'Noise - Residential')","(('Residential Building/House',), 0.9977137991927346)"
"('Loud Music/Party', 'Major Higher than IQR', 'Noise - Residential')","(('Residential Building/House',), 0.997686598335636)"
"('Noise - Residential', 'Population Lower than IQR', 'Poverty Level Higher than Median')","(('Residential Building/House',), 0.9976828561846398)"
"('Noise - Residential', 'Noise Lower than IQR', 'Population Lower than IQR', 'Poverty Level Higher than Median')","(('Residential Building/House',), 0.9976828561846398)"
"('Major Within Higher IQR', 'Noise - Residential')","(('Residential Building/House',), 0.9976732531500573)"
"('Loud Music/Party', 'Major Within Higher IQR', 'Noise - Residential', 'Noise Lower than IQR')","(('Residential Building/House',), 0.9976590358494161)"
"('Loud Music/Party', 'Noise - Residential', 'Noise Lower than IQR', 'Poverty Level Higher than Median')","(('Residential Building/House',), 0.9976451918400778)"
"('Noise - Residential', 'Noise Lower than IQR', 'Nonmajor Within Lower IQR')","(('Residential Building/House',), 0.9976112691888854)"
"('Loud Music/Party', 'Major Within Higher IQR', 'Misd Within Lower IQR', 'Noise - Residential')","(('Residential Building/House',), 0.997594729319901)"
"('Major Higher than IQR', 'Noise - Residential', 'Noise Lower than IQR')","(('Residential Building/House',), 0.9975802507272119)"
"('Loud Music/Party', 'Noise - Residential', 'Noise Within Lower IQR')","(('Residential Building/House',), 0.9975464136746545)"
"('Loud Music/Party', 'Noise - Residential', 'Noise Lower than IQR', 'Population Lower than IQR')","(('Residential Building/House',), 0.9975294939042948)"
"('NGHBR: West Queens', 'Noise - Residential', 'Noise Within Lower IQR')","(('Residential Building/House',), 0.9975194674704848)"
"('Loud Music/Party', 'Major Within Higher IQR', 'Noise - Residential', 'VC Within Higher IQR')","(('Residential Building/House',), 0.9975000657877424)"
"('Loud Music/Party', 'Noise - Residential')","(('Residential Building/House',), 0.9974905999673043)"
"('Loud Music/Party', 'Major Within Higher IQR', 'Noise - Residential', 'Poverty Level Lower than Median')","(('Residential Building/House',), 0.9974902913903786)"
"('Loud Music/Party', 'Noise - Residential', 'Population Within Lower IQR')","(('Residential Building/House',), 0.9974699029666083)"
"('Loud Music/Party', 'Noise - Residential', 'Noise Lower than IQR')","(('Residential Building/House',), 0.9974655158317663)"
"('Major Within Higher IQR', 'Noise - Residential', 'Noise Within Lower IQR')","(('Residential Building/House',), 0.997439216569113)"
"('Major Within Higher IQR', 'Noise - Residential', 'Poverty Level Lower than Median', 'VC Within Higher IQR')","(('Residential Building/House',), 0.9974336504757135)"
"('Noise - Residential', 'Noise Lower than IQR', 'Poverty Level Higher than Median')","(('Residential Building/House',), 0.9974285200503507)"
"('Loud Music/Party', 'Noise - Residential', 'Noise Lower than IQR', 'Population Lower than IQR', 'Poverty Level Lower than Median')","(('Residential Building/House',), 0.9973153928259534)"
"('Loud Music/Party', 'Noise - Residential', 'Noise Lower than IQR', 'Poverty Level Lower than Median')","(('Residential Building/House',), 0.9973147153598282)"
"('Noise - Residential', 'Noise Lower than IQR')","(('Residential Building/House',), 0.9973006194114387)"
"('Noise - Residential',)","(('Residential Building/House',), 0.997281220556016)"
"('Noise - Residential', 'Noise Lower than IQR', 'Population Within Lower IQR')","(('Residential Building/House',), 0.997275898062578)"
"('Noise - Residential', 'Noise Lower than IQR', 'Population Lower than IQR', 'Poverty Level Lower than Median')","(('Residential Building/House',), 0.9972689828080229)"
"('Loud Music/Party', 'Noise - Residential', 'Poverty Level Lower than Median')","(('Residential Building/House',), 0.9972300331556637)"
"('Noise - Residential', 'Noise Lower than IQR', 'Poverty Level Lower than Median')","(('Residential Building/House',), 0.9971973338367484)"
"('Noise - Residential', 'Nonmajor Within Higher IQR', 'Poverty Level Higher than Median')","(('Residential Building/House',), 0.9971958512111896)"
"('Noise - Residential', 'Noise Lower than IQR', 'Nonmajor Within Higher IQR')","(('Residential Building/House',), 0.9971618789952521)"
"('Noise - Residential', 'Population Within Lower IQR', 'Poverty Level Lower than Median')","(('Residential Building/House',), 0.9970920571618478)"
"('Noise - Residential', 'Noise Within Lower IQR', 'Population Higher than IQR')","(('Residential Building/House',), 0.9970797590801241)"
"('Noise - Residential', 'Poverty Level Lower than Median')","(('Residential Building/House',), 0.9970690831515524)"
"('Loud Music/Party', 'Misd Within Higher IQR', 'Noise - Residential')","(('Residential Building/House',), 0.9970613930585339)"
"('Major Within Higher IQR', 'Misd Within Lower IQR', 'Noise - Residential', 'Nonmajor Within Lower IQR')","(('Residential Building/House',), 0.9969678397471049)"
"('Loud Music/Party', 'Noise - Residential', 'VC Within Lower IQR')","(('Residential Building/House',), 0.9969357495881384)"
"('Misd Within Higher IQR', 'Noise - Residential')","(('Residential Building/House',), 0.9969270898468905)"
"('Misd Within Higher IQR', 'Noise - Residential', 'Poverty Level Higher than Median')","(('Residential Building/House',), 0.996848157384317)"
"('Noise - Residential', 'Noise Within Lower IQR', 'Poverty Level Lower than Median')","(('Residential Building/House',), 0.9968173680770651)"
"('Loud Music/Party', 'Noise - Residential', 'Nonmajor Within Higher IQR')","(('Residential Building/House',), 0.9966251140164184)"
"('Banging/Pounding', 'Noise - Residential')","(('Residential Building/House',), 0.9965576592082617)"
"('Noise - Residential', 'VC Within Lower IQR')","(('Residential Building/House',), 0.9963829932437044)"
"('Major Higher than IQR', 'Noise - Residential', 'Nonmajor Within Higher IQR')","(('Residential Building/House',), 0.9963584124014433)"
"('Noise - Residential', 'Poverty Level Lower than Median', 'VC Within Lower IQR')","(('Residential Building/House',), 0.9960489924930858)"
"('Misd Lower than IQR', 'Noise - Residential', 'Noise Lower than IQR', 'Nonmajor Lower than IQR')","(('Residential Building/House',), 0.9960078466462471)"
"('Misd Lower than IQR', 'Noise - Residential', 'Poverty Level Lower than Median')","(('Residential Building/House',), 0.9958038562907476)"
"('Misd Within Higher IQR', 'Noise - Residential', 'Noise Lower than IQR')","(('Residential Building/House',), 0.9957313965341489)"
"('Misd Within Higher IQR', 'Noise - Residential', 'Nonmajor Within Higher IQR')","(('Residential Building/House',), 0.9956662685548541)"
"('Loud Music/Party', 'Noise Lower than IQR', 'Population Lower than IQR', 'VC Within Higher IQR')","(('Residential Building/House',), 0.8160143217511596)"
"('Loud Music/Party', 'Major Within Higher IQR', 'Noise Lower than IQR')","(('Residential Building/House',), 0.8138336849117354)"
"('Loud Music/Party', 'Poverty Level Lower than Median', 'VC Within Higher IQR')","(('Residential Building/House',), 0.8066143622341253)"
"('Loud Music/Party', 'Misd Within Higher IQR')","(('Residential Building/House',), 0.7766481760254057)"
"('Major Within Higher IQR', 'Noise Within Lower IQR', 'Nonmajor Within Lower IQR')","(('Residential Building/House',), 0.7225019031949117)"
"('Noise - Residential', 'Nonmajor Within Lower IQR', 'Residential Building/House', 'VC Within Higher IQR')","(('Poverty Level Lower than Median',), 0.7981774099155589)"
"('NGHBR: Jamaica', 'Noise Lower than IQR')","(('Poverty Level Lower than Median',), 0.7812987866670319)"
"('Noise Within Lower IQR', 'Population Higher than IQR')","(('Poverty Level Lower than Median',), 0.7385243315718906)"
"('Major Within Higher IQR', 'NGHBR: Southwest Queens', 'Nonmajor Within Lower IQR')","(('Poverty Level Lower than Median',), 0.7370361893135984)"
"('Noise - Residential', 'Population Within Lower IQR', 'Residential Building/House')","(('Poverty Level Lower than Median',), 0.7051806874938792)"
"('Major Within Higher IQR', 'Noise Lower than IQR', 'Nonmajor Within Lower IQR')","(('Population Lower than IQR', 'VC Within Higher IQR'), 0.8679844047511107)"
"('Major Within Higher IQR', 'Misd Within Lower IQR', 'Noise Lower than IQR')","(('Population Lower than IQR', 'VC Within Higher IQR'), 0.8518507715194119)"
"('Misd Within Lower IQR', 'Noise - Residential', 'Noise Lower than IQR')","(('Population Lower than IQR', 'Residential Building/House'), 0.8781754125718524)"
"('Noise - Residential', 'Noise Lower than IQR', 'VC Within Higher IQR')","(('Population Lower than IQR', 'Residential Building/House'), 0.7481851094561894)"
"('Major Within Lower IQR', 'Noise Lower than IQR', 'Nonmajor Lower than IQR')","(('Population Lower than IQR',), 1.0)"
"('Major Within Lower IQR', 'Noise Lower than IQR')","(('Population Lower than IQR',), 1.0)"
"('Noise Lower than IQR', 'Poverty Level Lower than Median', 'VC Within Higher IQR')","(('Population Lower than IQR',), 0.8881324366270047)"
"('Misd Within Lower IQR', 'Noise - Residential', 'Noise Lower than IQR', 'Residential Building/House')","(('Population Lower than IQR',), 0.8796978515262213)"
"('Major Within Higher IQR', 'Noise Lower than IQR', 'Nonmajor Within Lower IQR', 'VC Within Higher IQR')","(('Population Lower than IQR',), 0.8679844047511107)"
"('Major Within Higher IQR', 'Misd Within Lower IQR', 'Noise Lower than IQR', 'VC Within Higher IQR')","(('Population Lower than IQR',), 0.8518507715194119)"
"('Major Within Higher IQR', 'NGHBR: Southwest Queens', 'Noise Lower than IQR')","(('Population Lower than IQR',), 0.7764532984977139)"
"('Noise Lower than IQR', 'VC Within Higher IQR')","(('Population Lower than IQR',), 0.7730994582138216)"
"('Loud Music/Party', 'Noise Lower than IQR', 'VC Within Higher IQR')","(('Population Lower than IQR',), 0.7562461538461539)"
"('Misd Lower than IQR', 'Noise Lower than IQR', 'Nonmajor Lower than IQR')","(('Population Lower than IQR',), 0.7505000485484028)"
"('Noise Lower than IQR', 'Residential Building/House', 'VC Within Higher IQR')","(('Population Lower than IQR',), 0.7499576932478423)"
"('Noise - Residential', 'Noise Lower than IQR', 'Residential Building/House', 'VC Within Higher IQR')","(('Population Lower than IQR',), 0.7499576932478423)"
"('Loud Music/Party', 'Noise Lower than IQR', 'Residential Building/House', 'VC Within Higher IQR')","(('Population Lower than IQR',), 0.7438617313255693)"
"('Loud Music/Party', 'Noise - Residential', 'Noise Lower than IQR', 'Residential Building/House', 'VC Within Higher IQR')","(('Population Lower than IQR',), 0.7438617313255693)"
"('Loud Music/Party', 'Noise - Residential', 'Noise Lower than IQR', 'VC Within Higher IQR')","(('Population Lower than IQR',), 0.7436042925866535)"
"('NGHBR: West Queens', 'Noise Within Lower IQR', 'VC Within Lower IQR')","(('Population Higher than IQR',), 1.0)"
"('NGHBR: West Queens', 'Noise Within Lower IQR')","(('Population Higher than IQR',), 0.757516874616486)"
"('102', 'Major Within Higher IQR', 'Misd Within Lower IQR', 'NGHBR: Southwest Queens')","(('Nonmajor Within Lower IQR', 'VC Within Higher IQR'), 1.0)"
"('102', 'Major Within Higher IQR', 'Misd Within Lower IQR', 'NGHBR: Southwest Queens', 'VC Within Higher IQR')","(('Nonmajor Within Lower IQR',), 1.0)"
"('102', 'Major Within Higher IQR', 'VC Within Higher IQR')","(('Nonmajor Within Lower IQR',), 1.0)"
"('102', 'Major Within Higher IQR', 'NGHBR: Southwest Queens', 'VC Within Higher IQR')","(('Nonmajor Within Lower IQR',), 1.0)"
"('102', 'Major Within Higher IQR', 'Misd Within Lower IQR', 'VC Within Higher IQR')","(('Nonmajor Within Lower IQR',), 1.0)"
"('Major Within Higher IQR', 'Misd Within Lower IQR', 'NGHBR: Southwest Queens', 'VC Within Higher IQR')","(('Nonmajor Within Lower IQR',), 0.9246792119531883)"
"('Major Within Higher IQR', 'NGHBR: Southwest Queens', 'Poverty Level Lower than Median')","(('Nonmajor Within Lower IQR',), 0.9063360020015011)"
"('Major Within Higher IQR', 'Population Higher than IQR')","(('Nonmajor Within Lower IQR',), 0.8984271855806211)"
"('Major Within Higher IQR', 'Noise Within Lower IQR', 'Population Higher than IQR')","(('Nonmajor Within Lower IQR',), 0.8984271855806211)"
"('Major Within Higher IQR', 'Misd Within Lower IQR', 'Residential Building/House')","(('Nonmajor Within Lower IQR',), 0.8760487528344671)"
"('Major Within Higher IQR', 'NGHBR: Southwest Queens', 'VC Within Higher IQR')","(('Nonmajor Within Lower IQR',), 0.8518045145357653)"
"('Major Within Higher IQR', 'Noise - Residential', 'Noise Within Lower IQR', 'Residential Building/House')","(('Nonmajor Within Lower IQR',), 0.8300465509944985)"
"('Major Within Higher IQR', 'Noise Within Lower IQR', 'Residential Building/House')","(('Nonmajor Within Lower IQR',), 0.8300465509944985)"
"('Major Within Higher IQR', 'Poverty Level Lower than Median', 'VC Within Higher IQR')","(('Nonmajor Within Lower IQR',), 0.7948141888410248)"
"('Misd Within Lower IQR', 'VC Within Higher IQR')","(('Nonmajor Within Lower IQR',), 0.7550410491711056)"
"('Major Within Higher IQR', 'Noise Lower than IQR', 'Population Lower than IQR', 'VC Within Higher IQR')","(('Nonmajor Within Lower IQR',), 0.7476569821930646)"
"('Major Higher than IQR', 'Misd Within Higher IQR', 'Noise Lower than IQR')","(('Nonmajor Within Higher IQR',), 0.8196800226532635)"
"('Major Higher than IQR', 'Noise Lower than IQR', 'Poverty Level Higher than Median')","(('Nonmajor Within Higher IQR',), 0.7388455138871112)"
"('Misd Within Higher IQR', 'Noise Lower than IQR')","(('Nonmajor Within Higher IQR',), 0.7115117891816921)"
"('Major Within Lower IQR', 'Misd Lower than IQR')","(('Nonmajor Lower than IQR', 'VC Within Lower IQR'), 0.7701293283270755)"
"('Misd Lower than IQR', 'Noise - Residential', 'Noise Lower than IQR')","(('Nonmajor Lower than IQR', 'Residential Building/House'), 0.7417916186082276)"
"('Major Within Lower IQR', 'Misd Lower than IQR', 'VC Within Lower IQR')","(('Nonmajor Lower than IQR',), 1.0)"
"('Major Within Lower IQR', 'Misd Lower than IQR', 'Poverty Level Lower than Median')","(('Nonmajor Lower than IQR',), 1.0)"
"('Major Within Lower IQR', 'Population Lower than IQR')","(('Nonmajor Lower than IQR',), 0.953046550548565)"
"('Major Within Lower IQR', 'Noise Lower than IQR', 'Population Lower than IQR')","(('Nonmajor Lower than IQR',), 0.953046550548565)"
"('Misd Lower than IQR', 'Noise Lower than IQR', 'Population Lower than IQR')","(('Nonmajor Lower than IQR',), 0.9093411764705882)"
"('Major Within Lower IQR', 'Poverty Level Lower than Median')","(('Nonmajor Lower than IQR',), 0.8725791538596097)"
"('Misd Lower than IQR', 'Poverty Level Lower than Median')","(('Nonmajor Lower than IQR',), 0.8168562387753356)"
"('Misd Lower than IQR', 'Noise Lower than IQR')","(('Nonmajor Lower than IQR',), 0.7949090010960004)"
"('Misd Lower than IQR', 'Noise - Residential', 'Noise Lower than IQR', 'Residential Building/House')","(('Nonmajor Lower than IQR',), 0.7444247241299483)"
"('NGHBR: West Queens', 'Population Higher than IQR')","(('Noise Within Lower IQR', 'VC Within Lower IQR'), 0.891238018090995)"
"('NGHBR: West Queens', 'Noise - Residential')","(('Noise Within Lower IQR', 'Residential Building/House'), 0.7859528462927686)"
"('NGHBR: West Queens', 'VC Within Lower IQR')","(('Noise Within Lower IQR', 'Population Higher than IQR'), 1.0)"
"('Major Within Higher IQR', 'Nonmajor Within Lower IQR', 'Population Higher than IQR')","(('Noise Within Lower IQR',), 1.0)"
"('Population Higher than IQR', 'Poverty Level Lower than Median')","(('Noise Within Lower IQR',), 1.0)"
"('NGHBR: West Queens', 'Population Higher than IQR', 'VC Within Lower IQR')","(('Noise Within Lower IQR',), 1.0)"
"('Loud Music/Party', 'Population Higher than IQR')","(('Noise Within Lower IQR',), 0.9318562004860651)"
"('Noise - Residential', 'Population Higher than IQR', 'Residential Building/House')","(('Noise Within Lower IQR',), 0.8969216035025311)"
"('Population Higher than IQR', 'Residential Building/House')","(('Noise Within Lower IQR',), 0.8969216035025311)"
"('Noise - Residential', 'Population Higher than IQR')","(('Noise Within Lower IQR',), 0.8966533016938057)"
"('Major Within Higher IQR', 'NGHBR: West Queens')","(('Noise Within Lower IQR',), 0.8106418827110169)"
"('NGHBR: West Queens', 'Noise - Residential', 'Residential Building/House')","(('Noise Within Lower IQR',), 0.7879020857617619)"
"('Noise',)","(('Noise Lower than IQR', 'nan'), 0.7853101532764118)"
"('Major Within Higher IQR', 'Nonmajor Within Lower IQR', 'Population Lower than IQR')","(('Noise Lower than IQR', 'VC Within Higher IQR'), 1.0)"
"('Misd Within Lower IQR', 'Noise - Residential', 'Population Lower than IQR')","(('Noise Lower than IQR', 'Residential Building/House'), 0.9983136593591906)"
"('Noise - Residential', 'Population Lower than IQR', 'VC Within Higher IQR')","(('Noise Lower than IQR', 'Residential Building/House'), 0.9981231231231231)"
"('Loud Music/Party', 'Noise - Residential', 'Population Lower than IQR')","(('Noise Lower than IQR', 'Residential Building/House'), 0.9975294939042948)"
"('Loud Music/Party', 'Noise - Residential', 'Population Lower than IQR', 'Poverty Level Lower than Median')","(('Noise Lower than IQR', 'Residential Building/House'), 0.9973153928259534)"
"('Noise - Residential', 'Population Lower than IQR', 'Poverty Level Lower than Median')","(('Noise Lower than IQR', 'Residential Building/House'), 0.9972689828080229)"
"('Noise - Residential', 'VC Higher than IQR')","(('Noise Lower than IQR', 'Residential Building/House'), 0.8486275629132772)"
"('Misd Lower than IQR', 'Noise - Residential', 'Nonmajor Lower than IQR')","(('Noise Lower than IQR', 'Residential Building/House'), 0.8316140340794804)"
"('NGHBR: Jamaica',)","(('Noise Lower than IQR', 'Poverty Level Lower than Median'), 0.7812987866670319)"
"('Major Within Higher IQR', 'Population Lower than IQR', 'VC Within Higher IQR')","(('Noise Lower than IQR', 'Nonmajor Within Lower IQR'), 0.7476569821930646)"
"('Major Within Higher IQR', 'Nonmajor Within Lower IQR', 'Population Lower than IQR', 'VC Within Higher IQR')","(('Noise Lower than IQR',), 1.0)"
"('Loud Music/Party', 'Population Lower than IQR', 'Poverty Level Higher than Median')","(('Noise Lower than IQR',), 1.0)"
"('Loud Music/Party', 'Population Lower than IQR', 'Poverty Level Lower than Median')","(('Noise Lower than IQR',), 1.0)"
"('Major Within Higher IQR', 'Noise - Residential', 'Population Lower than IQR', 'Residential Building/House')","(('Noise Lower than IQR',), 1.0)"
"('Loud Music/Party', 'Major Within Higher IQR', 'Population Lower than IQR')","(('Noise Lower than IQR',), 1.0)"
"('NGHBR: Jamaica', 'Poverty Level Lower than Median')","(('Noise Lower than IQR',), 1.0)"
"('2015', 'Population Lower than IQR')","(('Noise Lower than IQR',), 1.0)"
"('Major Lower than IQR', 'Misd Lower than IQR')","(('Noise Lower than IQR',), 1.0)"
"('Loud Music/Party', 'Population Lower than IQR', 'VC Within Higher IQR')","(('Noise Lower than IQR',), 1.0)"
"('Noise - Residential', 'Population Lower than IQR', 'Poverty Level Lower than Median', 'Residential Building/House')","(('Noise Lower than IQR',), 1.0)"
"('Loud Music/Party', 'Population Lower than IQR', 'Residential Building/House', 'VC Within Higher IQR')","(('Noise Lower than IQR',), 1.0)"
"('Major Lower than IQR',)","(('Noise Lower than IQR',), 1.0)"
"('Nonmajor Within Higher IQR', 'Population Lower than IQR')","(('Noise Lower than IQR',), 1.0)"
"('Noise - Residential', 'Population Lower than IQR', 'Poverty Level Higher than Median', 'Residential Building/House')","(('Noise Lower than IQR',), 1.0)"
"('Misd Lower than IQR', 'Population Lower than IQR')","(('Noise Lower than IQR',), 1.0)"
"('Loud Music/Party', 'Noise - Residential', 'Population Lower than IQR', 'Residential Building/House', 'VC Within Higher IQR')","(('Noise Lower than IQR',), 1.0)"
"('Major Higher than IQR', 'Population Lower than IQR')","(('Noise Lower than IQR',), 1.0)"
"('Misd Lower than IQR', 'Nonmajor Lower than IQR', 'Population Lower than IQR')","(('Noise Lower than IQR',), 1.0)"
"('Loud Music/Party', 'Noise - Residential', 'Population Lower than IQR', 'Poverty Level Lower than Median', 'Residential Building/House')","(('Noise Lower than IQR',), 1.0)"
"('Nonmajor Lower than IQR', 'Population Lower than IQR')","(('Noise Lower than IQR',), 1.0)"
"('Loud Music/Party', 'Noise - Residential', 'Population Lower than IQR', 'Residential Building/House')","(('Noise Lower than IQR',), 1.0)"
"('Major Within Higher IQR', 'Misd Within Lower IQR', 'Population Lower than IQR', 'VC Within Higher IQR')","(('Noise Lower than IQR',), 1.0)"
"('Population Lower than IQR', 'Poverty Level Lower than Median')","(('Noise Lower than IQR',), 1.0)"
"('Major Within Higher IQR', 'NGHBR: Southwest Queens', 'Population Lower than IQR', 'VC Within Higher IQR')","(('Noise Lower than IQR',), 1.0)"
"('Loud Music/Party', 'Noise - Residential', 'Population Lower than IQR', 'VC Within Higher IQR')","(('Noise Lower than IQR',), 1.0)"
"('Major Within Higher IQR', 'Population Lower than IQR', 'Poverty Level Lower than Median')","(('Noise Lower than IQR',), 1.0)"
"('Major Within Higher IQR', 'Noise - Residential', 'Population Lower than IQR')","(('Noise Lower than IQR',), 1.0)"
"('Major Within Higher IQR', 'NGHBR: Southwest Queens', 'Population Lower than IQR')","(('Noise Lower than IQR',), 1.0)"
"('Misd Within Lower IQR', 'Noise - Residential', 'Population Lower than IQR', 'Residential Building/House')","(('Noise Lower than IQR',), 1.0)"
"('Misd Lower than IQR', 'Poverty Level Higher than Median')","(('Noise Lower than IQR',), 1.0)"
"('NGHBR: Southwest Queens', 'Population Lower than IQR', 'VC Within Higher IQR')","(('Noise Lower than IQR',), 1.0)"
"('Population Lower than IQR', 'Poverty Level Lower than Median', 'VC Within Higher IQR')","(('Noise Lower than IQR',), 1.0)"
"('Major Within Lower IQR', 'Nonmajor Lower than IQR', 'Population Lower than IQR')","(('Noise Lower than IQR',), 1.0)"
"('Noise - Residential', 'Population Lower than IQR', 'Residential Building/House', 'VC Within Higher IQR')","(('Noise Lower than IQR',), 1.0)"
"('Noise - Residential', 'Population Lower than IQR')","(('Noise Lower than IQR',), 1.0)"
"('Poverty Level Higher than Median', 'VC Higher than IQR')","(('Noise Lower than IQR',), 0.9174967518406236)"
"('Misd Lower than IQR', 'Noise - Residential', 'Residential Building/House')","(('Noise Lower than IQR',), 0.8717988967125623)"
"('Loud Music/Party', 'Misd Lower than IQR')","(('Noise Lower than IQR',), 0.8521803610643699)"
"('Noise - Residential', 'Residential Building/House', 'VC Higher than IQR')","(('Noise Lower than IQR',), 0.8505900584098224)"
"('Major Higher than IQR', 'Noise - Residential', 'Residential Building/House')","(('Noise Lower than IQR',), 0.8410304266678241)"
"('Misd Lower than IQR', 'Noise - Residential', 'Nonmajor Lower than IQR', 'Residential Building/House')","(('Noise Lower than IQR',), 0.8350452997864851)"
"('Misd Lower than IQR', 'Nonmajor Lower than IQR')","(('Noise Lower than IQR',), 0.8310738839934153)"
"('Loud Music/Party', 'VC Higher than IQR')","(('Noise Lower than IQR',), 0.8207127235301686)"
"('Major Higher than IQR', 'Misd Within Higher IQR', 'Nonmajor Within Higher IQR')","(('Noise Lower than IQR',), 0.8139868398852708)"
"('Major Higher than IQR', 'VC Higher than IQR')","(('Noise Lower than IQR',), 0.8102512230869269)"
"('Major Higher than IQR', 'Nonmajor Within Higher IQR', 'Poverty Level Higher than Median')","(('Noise Lower than IQR',), 0.8080799596841929)"
"('Poverty Level Higher than Median', 'VC Within Higher IQR')","(('Noise Lower than IQR',), 0.7906285659946748)"
"('Major Higher than IQR', 'Nonmajor Within Higher IQR')","(('Noise Lower than IQR',), 0.7892713777171855)"
"('Noise', 'nan')","(('Noise Lower than IQR',), 0.7853101532764118)"
"('Major Within Higher IQR', 'Misd Within Lower IQR', 'VC Within Higher IQR')","(('Noise Lower than IQR',), 0.7844900574357566)"
"('Noise - Residential', 'Nonmajor Within Higher IQR', 'Residential Building/House')","(('Noise Lower than IQR',), 0.7761422053388938)"
"('Noise - Residential', 'Poverty Level Higher than Median')","(('Noise Lower than IQR',), 0.7710866761879671)"
"('Noise - Residential', 'Poverty Level Higher than Median', 'Residential Building/House')","(('Noise Lower than IQR',), 0.7709639307804573)"
"('Misd Within Lower IQR', 'NGHBR: Southwest Queens', 'VC Within Higher IQR')","(('Noise Lower than IQR',), 0.7689344684609534)"
"('Loud Music/Party', 'Noise - Residential', 'Poverty Level Higher than Median')","(('Noise Lower than IQR',), 0.7681826225446824)"
"('Loud Music/Party', 'Poverty Level Higher than Median', 'Residential Building/House')","(('Noise Lower than IQR',), 0.7680197044334975)"
"('Loud Music/Party', 'Noise - Residential', 'Poverty Level Higher than Median', 'Residential Building/House')","(('Noise Lower than IQR',), 0.7680197044334975)"
"('Population Within Lower IQR', 'VC Higher than IQR')","(('Noise Lower than IQR',), 0.7619070667957406)"
"('Misd Within Higher IQR', 'Nonmajor Within Higher IQR')","(('Noise Lower than IQR',), 0.7319146370870508)"
"('2015', 'Noise - Residential')","(('Noise Lower than IQR',), 0.7208986694457236)"
"('2015', 'Noise - Residential', 'Residential Building/House')","(('Noise Lower than IQR',), 0.720891904992729)"
"('2013',)","(('Noise Lower than IQR',), 0.7098981540420115)"
"('Loud Music/Party', 'Noise - Residential', 'Residential Building/House', 'VC Within Higher IQR')","(('Noise Lower than IQR',), 0.7082961172700047)"
"('2012',)","(('Noise Lower than IQR',), 0.7070205603855375)"
"('Noise - Residential', 'Residential Building/House')","(('Noise Lower than IQR',), 0.7065161095712651)"
"('Residential Building/House',)","(('Noise Lower than IQR',), 0.7065161095712651)"
"('NGHBR: Southwest Queens', 'Residential Building/House')","(('Noise - Residential', 'VC Within Higher IQR'), 1.0)"
"('Loud Music/Party', 'Major Within Higher IQR', 'Nonmajor Within Lower IQR')","(('Noise - Residential', 'Residential Building/House'), 0.8372205007955783)"
"('Loud Music/Party', 'Major Within Higher IQR', 'Poverty Level Lower than Median')","(('Noise - Residential', 'Residential Building/House'), 0.8158423543138653)"
"('Loud Music/Party', 'Noise Lower than IQR', 'Population Lower than IQR')","(('Noise - Residential', 'Residential Building/House'), 0.8068958526413346)"
"('Loud Music/Party', 'Noise Lower than IQR', 'Population Lower than IQR', 'Poverty Level Lower than Median')","(('Noise - Residential', 'Residential Building/House'), 0.7828670085817295)"
"('Misd Within Lower IQR', 'Noise Lower than IQR', 'Residential Building/House')","(('Noise - Residential', 'Population Lower than IQR'), 0.8796978515262213)"
"('Misd Lower than IQR', 'Noise Lower than IQR', 'Residential Building/House')","(('Noise - Residential', 'Nonmajor Lower than IQR'), 0.7444247241299483)"
"('NGHBR: West Queens', 'Residential Building/House')","(('Noise - Residential', 'Noise Within Lower IQR'), 0.7879020857617619)"
"('Misd Within Lower IQR', 'Population Lower than IQR', 'Residential Building/House')","(('Noise - Residential', 'Noise Lower than IQR'), 1.0)"
"('Loud Music/Party', 'Population Lower than IQR', 'Poverty Level Lower than Median', 'Residential Building/House')","(('Noise - Residential', 'Noise Lower than IQR'), 1.0)"
"('Population Lower than IQR', 'Poverty Level Lower than Median', 'Residential Building/House')","(('Noise - Residential', 'Noise Lower than IQR'), 1.0)"
"('Loud Music/Party', 'Population Lower than IQR', 'Residential Building/House')","(('Noise - Residential', 'Noise Lower than IQR'), 1.0)"
"('Residential Building/House', 'VC Higher than IQR')","(('Noise - Residential', 'Noise Lower than IQR'), 0.8505900584098224)"
"('Misd Lower than IQR', 'Nonmajor Lower than IQR', 'Residential Building/House')","(('Noise - Residential', 'Noise Lower than IQR'), 0.8350452997864851)"
"('Nonmajor Within Lower IQR', 'Poverty Level Lower than Median', 'Residential Building/House')","(('Noise - Residential',), 1.0)"
"('Loud Music/Party', 'Nonmajor Within Lower IQR', 'Poverty Level Lower than Median', 'Residential Building/House')","(('Noise - Residential',), 1.0)"
"('Loud Music/Party', 'Nonmajor Within Higher IQR', 'Residential Building/House')","(('Noise - Residential',), 1.0)"
"('NGHBR: West Queens', 'Noise Within Lower IQR', 'Residential Building/House')","(('Noise - Residential',), 1.0)"
"('NGHBR: Southwest Queens', 'Residential Building/House', 'VC Within Higher IQR')","(('Noise - Residential',), 1.0)"
"('Noise Lower than IQR', 'Population Within Lower IQR', 'Residential Building/House')","(('Noise - Residential',), 1.0)"
"('Loud Music/Party', 'Noise Lower than IQR', 'Poverty Level Lower than Median', 'Residential Building/House')","(('Noise - Residential',), 1.0)"
"('Loud Music/Party', 'Major Within Higher IQR', 'Misd Within Lower IQR', 'Residential Building/House')","(('Noise - Residential',), 1.0)"
"('Loud Music/Party', 'Misd Within Lower IQR', 'Residential Building/House')","(('Noise - Residential',), 1.0)"
"('Loud Music/Party', 'Major Within Higher IQR', 'Nonmajor Within Lower IQR', 'Residential Building/House')","(('Noise - Residential',), 1.0)"
"('Major Within Higher IQR', 'Misd Within Lower IQR', 'Residential Building/House', 'VC Within Higher IQR')","(('Noise - Residential',), 1.0)"
"('Noise Within Lower IQR', 'Poverty Level Lower than Median', 'Residential Building/House')","(('Noise - Residential',), 1.0)"
"('Major Within Higher IQR', 'Population Lower than IQR', 'Residential Building/House')","(('Noise - Residential',), 1.0)"
"('Major Within Higher IQR', 'Nonmajor Within Lower IQR', 'Residential Building/House', 'VC Within Higher IQR')","(('Noise - Residential',), 1.0)"
"('Misd Within Lower IQR', 'Poverty Level Lower than Median', 'Residential Building/House')","(('Noise - Residential',), 1.0)"
"('Major Within Higher IQR', 'Noise Lower than IQR', 'Residential Building/House')","(('Noise - Residential',), 1.0)"
"('Loud Music/Party', 'Major Within Higher IQR', 'Residential Building/House')","(('Noise - Residential',), 1.0)"
"('Loud Music/Party', 'Misd Within Higher IQR', 'Residential Building/House')","(('Noise - Residential',), 1.0)"
"('Misd Within Higher IQR', 'Residential Building/House')","(('Noise - Residential',), 1.0)"
"('Loud Music/Party', 'Noise Lower than IQR', 'Population Lower than IQR', 'Residential Building/House')","(('Noise - Residential',), 1.0)"
"('Misd Lower than IQR', 'Poverty Level Lower than Median', 'Residential Building/House')","(('Noise - Residential',), 1.0)"
"('Major Within Higher IQR', 'Noise Lower than IQR', 'Population Lower than IQR', 'Residential Building/House')","(('Noise - Residential',), 1.0)"
"('Major Within Higher IQR', 'Misd Within Lower IQR', 'NGHBR: Southwest Queens', 'Residential Building/House', 'VC Within Higher IQR')","(('Noise - Residential',), 1.0)"
"('Major Higher than IQR', 'Nonmajor Within Higher IQR', 'Residential Building/House')","(('Noise - Residential',), 1.0)"
"('Loud Music/Party', 'Poverty Level Lower than Median', 'Residential Building/House', 'VC Within Higher IQR')","(('Noise - Residential',), 1.0)"
"('Major Within Higher IQR', 'Noise Lower than IQR', 'Residential Building/House', 'VC Within Higher IQR')","(('Noise - Residential',), 1.0)"
"('Major Within Higher IQR', 'Noise Lower than IQR', 'Poverty Level Lower than Median', 'Residential Building/House')","(('Noise - Residential',), 1.0)"
"('Misd Within Higher IQR', 'Noise Lower than IQR', 'Residential Building/House')","(('Noise - Residential',), 1.0)"
"('Noise Lower than IQR', 'Nonmajor Within Lower IQR', 'Residential Building/House')","(('Noise - Residential',), 1.0)"
"('Loud Music/Party', 'Nonmajor Within Lower IQR', 'Residential Building/House', 'VC Within Higher IQR')","(('Noise - Residential',), 1.0)"
"('Loud Music/Party', 'Major Within Higher IQR', 'Noise Lower than IQR', 'Residential Building/House')","(('Noise - Residential',), 1.0)"
"('Major Within Higher IQR', 'Poverty Level Lower than Median', 'Residential Building/House', 'VC Within Higher IQR')","(('Noise - Residential',), 1.0)"
"('Loud Music/Party', 'Residential Building/House')","(('Noise - Residential',), 1.0)"
"('Loud Music/Party', 'Poverty Level Lower than Median', 'Residential Building/House')","(('Noise - Residential',), 1.0)"
"('Loud Music/Party', 'Noise Lower than IQR', 'Residential Building/House')","(('Noise - Residential',), 1.0)"
"('Misd Within Lower IQR', 'Nonmajor Within Lower IQR', 'Residential Building/House', 'VC Within Higher IQR')","(('Noise - Residential',), 1.0)"
"('Nonmajor Higher than IQR', 'Residential Building/House')","(('Noise - Residential',), 1.0)"
"('Residential Building/House', 'VC Within Lower IQR')","(('Noise - Residential',), 1.0)"
"('Major Higher than IQR', 'Noise Lower than IQR', 'Residential Building/House')","(('Noise - Residential',), 1.0)"
"('Major Within Higher IQR', 'Nonmajor Within Lower IQR', 'Poverty Level Lower than Median', 'Residential Building/House')","(('Noise - Residential',), 1.0)"
"('2015', 'Residential Building/House')","(('Noise - Residential',), 1.0)"
"('Misd Lower than IQR', 'Noise Lower than IQR', 'Nonmajor Lower than IQR', 'Residential Building/House')","(('Noise - Residential',), 1.0)"
"('Population Lower than IQR', 'Poverty Level Higher than Median', 'Residential Building/House')","(('Noise - Residential',), 1.0)"
"('2015', 'Loud Music/Party', 'Residential Building/House')","(('Noise - Residential',), 1.0)"
"('Noise Within Lower IQR', 'Population Higher than IQR', 'Residential Building/House')","(('Noise - Residential',), 1.0)"
"('Noise Lower than IQR', 'Nonmajor Within Higher IQR', 'Residential Building/House')","(('Noise - Residential',), 1.0)"
"('Noise Lower than IQR', 'Population Lower than IQR', 'Poverty Level Lower than Median', 'Residential Building/House')","(('Noise - Residential',), 1.0)"
"('Misd Within Higher IQR', 'Poverty Level Higher than Median', 'Residential Building/House')","(('Noise - Residential',), 1.0)"
"('Loud Music/Party', 'Noise Lower than IQR', 'Population Lower than IQR', 'Residential Building/House', 'VC Within Higher IQR')","(('Noise - Residential',), 1.0)"
"('Major Within Higher IQR', 'Poverty Level Higher than Median', 'Residential Building/House')","(('Noise - Residential',), 1.0)"
"('Loud Music/Party', 'Residential Building/House', 'VC Within Lower IQR')","(('Noise - Residential',), 1.0)"
"('2015', 'Noise Lower than IQR', 'Residential Building/House')","(('Noise - Residential',), 1.0)"
"('Misd Within Lower IQR', 'Noise Lower than IQR', 'Population Lower than IQR', 'Residential Building/House')","(('Noise - Residential',), 1.0)"
"('Poverty Level Lower than Median', 'Residential Building/House')","(('Noise - Residential',), 1.0)"
"('Loud Music/Party', 'Population Within Lower IQR', 'Residential Building/House')","(('Noise - Residential',), 1.0)"
"('Noise Lower than IQR', 'Poverty Level Lower than Median', 'Residential Building/House')","(('Noise - Residential',), 1.0)"
"('Loud Music/Party', 'Noise Lower than IQR', 'Population Lower than IQR', 'Poverty Level Lower than Median', 'Residential Building/House')","(('Noise - Residential',), 1.0)"
"('Loud Music/Party', 'Major Higher than IQR', 'Residential Building/House')","(('Noise - Residential',), 1.0)"
"('Noise Lower than IQR', 'Residential Building/House')","(('Noise - Residential',), 1.0)"
"('Noise Lower than IQR', 'Poverty Level Higher than Median', 'Residential Building/House')","(('Noise - Residential',), 1.0)"
"('Major Within Higher IQR', 'Misd Within Lower IQR', 'NGHBR: Southwest Queens', 'Residential Building/House')","(('Noise - Residential',), 1.0)"
"('Misd Within Lower IQR', 'NGHBR: Southwest Queens', 'Residential Building/House', 'VC Within Higher IQR')","(('Noise - Residential',), 1.0)"
"('Loud Music/Party', 'Major Within Higher IQR', 'Residential Building/House', 'VC Within Higher IQR')","(('Noise - Residential',), 1.0)"
"('Major Within Higher IQR', 'Misd Within Higher IQR', 'Residential Building/House')","(('Noise - Residential',), 1.0)"
"('Loud Music/Party', 'Major Within Higher IQR', 'Poverty Level Lower than Median', 'Residential Building/House')","(('Noise - Residential',), 1.0)"
"('Banging/Pounding', 'Residential Building/House')","(('Noise - Residential',), 1.0)"
"('Poverty Level Lower than Median', 'Residential Building/House', 'VC Within Lower IQR')","(('Noise - Residential',), 1.0)"
"('Population Within Lower IQR', 'Poverty Level Lower than Median', 'Residential Building/House')","(('Noise - Residential',), 1.0)"
"('Nonmajor Within Higher IQR', 'Poverty Level Higher than Median', 'Residential Building/House')","(('Noise - Residential',), 1.0)"
"('Loud Music/Party', 'Misd Within Lower IQR', 'Residential Building/House', 'VC Within Higher IQR')","(('Noise - Residential',), 1.0)"
"('Major Within Higher IQR', 'Noise Within Lower IQR', 'Nonmajor Within Lower IQR', 'Residential Building/House')","(('Noise - Residential',), 1.0)"
"('Noise Lower than IQR', 'Poverty Level Lower than Median', 'Residential Building/House', 'VC Within Higher IQR')","(('Noise - Residential',), 1.0)"
"('Nonmajor Within Lower IQR', 'Poverty Level Lower than Median', 'Residential Building/House', 'VC Within Higher IQR')","(('Noise - Residential',), 1.0)"
"('Loud Music/Party', 'Noise Within Lower IQR', 'Residential Building/House')","(('Noise - Residential',), 1.0)"
"('Major Within Higher IQR', 'Misd Within Lower IQR', 'Nonmajor Within Lower IQR', 'Residential Building/House')","(('Noise - Residential',), 1.0)"
"('Noise Lower than IQR', 'Population Lower than IQR', 'Poverty Level Higher than Median', 'Residential Building/House')","(('Noise - Residential',), 1.0)"
"('Loud Music/Party', 'Noise Lower than IQR', 'Poverty Level Higher than Median', 'Residential Building/House')","(('Noise - Residential',), 1.0)"
"('Noise Lower than IQR', 'Residential Building/House', 'VC Higher than IQR')","(('Noise - Residential',), 1.0)"
"('2014', 'Residential Building/House')","(('Noise - Residential',), 1.0)"
"('Major Within Higher IQR', 'NGHBR: Southwest Queens', 'Residential Building/House', 'VC Within Higher IQR')","(('Noise - Residential',), 1.0)"
"('Loud Music/Party', 'Residential Building/House', 'VC Within Higher IQR')","(('Noise - Residential',), 1.0)"
"('Misd Within Higher IQR', 'Nonmajor Within Higher IQR', 'Residential Building/House')","(('Noise - Residential',), 1.0)"
"('Loud Music/Party', 'VC Within Lower IQR')","(('Noise - Residential',), 0.8281488757913119)"
"('Loud Music/Party', 'Noise Lower than IQR', 'Poverty Level Lower than Median')","(('Noise - Residential',), 0.8058094446752527)"
"('Loud Music/Party', 'Noise Lower than IQR')","(('Noise - Residential',), 0.7970712270869602)"
"('Loud Music/Party', 'NGHBR: West Queens')","(('Noise - Residential',), 0.7906957297357565)"
"('Loud Music/Party', 'Noise Lower than IQR', 'Poverty Level Higher than Median')","(('Noise - Residential',), 0.786904066547161)"
"('2015', 'Loud Music/Party')","(('Noise - Residential',), 0.7627382968997876)"
"('nan',)","(('Noise', 'Noise Lower than IQR'), 0.7717932516112725)"
"('Noise Lower than IQR', 'nan')","(('Noise',), 0.9842385173247381)"
"('Noise Within Lower IQR', 'VC Within Lower IQR')","(('NGHBR: West Queens', 'Population Higher than IQR'), 1.0)"
"('Population Higher than IQR', 'VC Within Lower IQR')","(('NGHBR: West Queens', 'Noise Within Lower IQR'), 1.0)"
"('Noise Within Lower IQR', 'Population Higher than IQR', 'VC Within Lower IQR')","(('NGHBR: West Queens',), 1.0)"
"('Major Within Higher IQR', 'Misd Within Lower IQR')","(('NGHBR: Southwest Queens', 'Nonmajor Within Lower IQR'), 0.7460656808599085)"
"('102', 'Misd Within Lower IQR', 'VC Within Higher IQR')","(('NGHBR: Southwest Queens',), 1.0)"
"('102', 'Major Within Higher IQR', 'Misd Within Lower IQR', 'Nonmajor Within Lower IQR', 'VC Within Higher IQR')","(('NGHBR: Southwest Queens',), 1.0)"
"('102', 'Nonmajor Within Lower IQR')","(('NGHBR: Southwest Queens',), 1.0)"
"('102', 'Major Within Higher IQR', 'Misd Within Lower IQR')","(('NGHBR: Southwest Queens',), 1.0)"
"('Major Within Higher IQR', 'Misd Within Lower IQR', 'Nonmajor Within Lower IQR', 'VC Within Higher IQR')","(('NGHBR: Southwest Queens',), 0.9979875546140606)"
"('Major Within Higher IQR', 'Misd Within Lower IQR', 'Poverty Level Lower than Median', 'VC Within Higher IQR')","(('NGHBR: Southwest Queens',), 0.9820501801593335)"
"('Major Within Higher IQR', 'Misd Within Lower IQR', 'Noise - Residential', 'Residential Building/House', 'VC Within Higher IQR')","(('NGHBR: Southwest Queens',), 0.9285386932041377)"
"('Misd Within Lower IQR', 'Nonmajor Within Lower IQR', 'VC Within Higher IQR')","(('NGHBR: Southwest Queens',), 0.8775291624950523)"
"('Major Within Higher IQR', 'Misd Within Lower IQR', 'Nonmajor Within Lower IQR')","(('NGHBR: Southwest Queens',), 0.8454049931585205)"
"('Major Within Higher IQR', 'Nonmajor Within Lower IQR', 'VC Within Higher IQR')","(('NGHBR: Southwest Queens',), 0.8028298419698641)"
"('Major Within Higher IQR', 'Nonmajor Within Lower IQR', 'Poverty Level Lower than Median', 'VC Within Higher IQR')","(('NGHBR: Southwest Queens',), 0.7515429697629791)"
"('Misd Within Lower IQR', 'Noise Lower than IQR', 'VC Within Higher IQR')","(('NGHBR: Southwest Queens',), 0.7451852204099101)"
"('114', 'VC Higher than IQR')","(('NGHBR: Northwest Queens',), 0.9999012638230648)"
"('Major Within Higher IQR', 'NGHBR: Southwest Queens', 'Noise - Residential')","(('Misd Within Lower IQR', 'Residential Building/House'), 0.8786630320302335)"
"('Major Within Higher IQR', 'NGHBR: Southwest Queens')","(('Misd Within Lower IQR', 'Nonmajor Within Lower IQR'), 0.8164507603656688)"
"('NGHBR: Southwest Queens', 'VC Within Higher IQR')","(('Misd Within Lower IQR', 'Nonmajor Within Lower IQR'), 0.8164507603656688)"
"('Major Within Higher IQR', 'NGHBR: Southwest Queens', 'Residential Building/House')","(('Misd Within Lower IQR', 'Noise - Residential'), 0.880162596580507)"
"('102', 'Major Within Higher IQR')","(('Misd Within Lower IQR', 'NGHBR: Southwest Queens'), 1.0)"
"('102', 'Nonmajor Within Lower IQR', 'VC Within Higher IQR')","(('Misd Within Lower IQR',), 1.0)"
"('102', 'Major Within Higher IQR', 'NGHBR: Southwest Queens')","(('Misd Within Lower IQR',), 1.0)"
"('102', 'Major Within Higher IQR', 'Nonmajor Within Lower IQR', 'VC Within Higher IQR')","(('Misd Within Lower IQR',), 1.0)"
"('102', 'NGHBR: Southwest Queens', 'VC Within Higher IQR')","(('Misd Within Lower IQR',), 1.0)"
"('102', 'NGHBR: Southwest Queens', 'Nonmajor Within Lower IQR')","(('Misd Within Lower IQR',), 1.0)"
"('102', 'Major Within Higher IQR', 'NGHBR: Southwest Queens', 'Nonmajor Within Lower IQR', 'VC Within Higher IQR')","(('Misd Within Lower IQR',), 1.0)"
"('NGHBR: Southwest Queens', 'Nonmajor Within Lower IQR', 'VC Within Higher IQR')","(('Misd Within Lower IQR',), 0.9584954604409858)"
"('Major Within Higher IQR', 'NGHBR: Southwest Queens', 'Nonmajor Within Lower IQR', 'VC Within Higher IQR')","(('Misd Within Lower IQR',), 0.9584954604409858)"
"('NGHBR: Southwest Queens', 'Poverty Level Lower than Median', 'VC Within Higher IQR')","(('Misd Within Lower IQR',), 0.9290718038528897)"
"('Major Within Higher IQR', 'NGHBR: Southwest Queens', 'Poverty Level Lower than Median', 'VC Within Higher IQR')","(('Misd Within Lower IQR',), 0.9290718038528897)"
"('Major Within Higher IQR', 'NGHBR: Southwest Queens', 'Noise - Residential', 'Residential Building/House')","(('Misd Within Lower IQR',), 0.880162596580507)"
"('Major Within Higher IQR', 'NGHBR: Southwest Queens', 'Noise - Residential', 'Residential Building/House', 'VC Within Higher IQR')","(('Misd Within Lower IQR',), 0.880162596580507)"
"('Major Within Higher IQR', 'NGHBR: Southwest Queens', 'Noise Lower than IQR', 'VC Within Higher IQR')","(('Misd Within Lower IQR',), 0.8529555845852385)"
"('NGHBR: Southwest Queens', 'Noise Lower than IQR', 'VC Within Higher IQR')","(('Misd Within Lower IQR',), 0.8529555845852385)"
"('Nonmajor Within Lower IQR', 'Poverty Level Lower than Median', 'VC Within Higher IQR')","(('Misd Within Lower IQR',), 0.7652825175786171)"
"('Major Within Higher IQR', 'Noise Lower than IQR', 'VC Within Higher IQR')","(('Misd Within Lower IQR',), 0.7201705739013529)"
"('Noise - Residential', 'Noise Lower than IQR', 'Nonmajor Lower than IQR')","(('Misd Lower than IQR', 'Residential Building/House'), 0.9515683566778458)"
"('Major Within Lower IQR', 'VC Within Lower IQR')","(('Misd Lower than IQR', 'Nonmajor Lower than IQR'), 1.0)"
"('Noise - Residential', 'Nonmajor Lower than IQR', 'Residential Building/House')","(('Misd Lower than IQR', 'Noise Lower than IQR'), 0.7803753437955023)"
"('Noise Lower than IQR', 'Nonmajor Lower than IQR', 'Residential Building/House')","(('Misd Lower than IQR', 'Noise - Residential'), 0.9552115651198099)"
"('Major Lower than IQR', 'Noise Lower than IQR')","(('Misd Lower than IQR',), 1.0)"
"('Major Within Lower IQR', 'Nonmajor Lower than IQR', 'VC Within Lower IQR')","(('Misd Lower than IQR',), 1.0)"
"('Noise - Residential', 'Noise Lower than IQR', 'Nonmajor Lower than IQR', 'Residential Building/House')","(('Misd Lower than IQR',), 0.9552115651198099)"
"('Noise Lower than IQR', 'Nonmajor Lower than IQR')","(('Misd Lower than IQR',), 0.9472783797207557)"
"('Noise Lower than IQR', 'Nonmajor Lower than IQR', 'Population Lower than IQR')","(('Misd Lower than IQR',), 0.9309613855900561)"
"('Major Within Lower IQR', 'Nonmajor Lower than IQR')","(('Misd Lower than IQR',), 0.8928205605736103)"
"('Major Within Lower IQR', 'Nonmajor Lower than IQR', 'Poverty Level Lower than Median')","(('Misd Lower than IQR',), 0.886935105103385)"
"('Misd Lower than IQR', 'VC Within Lower IQR')","(('Major Within Lower IQR', 'Nonmajor Lower than IQR'), 0.8242451303231568)"
"('Nonmajor Lower than IQR', 'VC Within Lower IQR')","(('Major Within Lower IQR', 'Misd Lower than IQR'), 1.0)"
"('Misd Lower than IQR', 'Nonmajor Lower than IQR', 'VC Within Lower IQR')","(('Major Within Lower IQR',), 1.0)"
"('Misd Lower than IQR', 'Nonmajor Lower than IQR', 'Poverty Level Lower than Median')","(('Major Within Lower IQR',), 0.8106056640318274)"
"('102', 'Misd Within Lower IQR', 'NGHBR: Southwest Queens', 'Nonmajor Within Lower IQR')","(('Major Within Higher IQR', 'VC Within Higher IQR'), 1.0)"
"('Misd Within Lower IQR', 'Noise Lower than IQR', 'Nonmajor Within Lower IQR')","(('Major Within Higher IQR', 'VC Within Higher IQR'), 0.9492666264818164)"
"('Noise Lower than IQR', 'Nonmajor Within Lower IQR', 'Population Lower than IQR')","(('Major Within Higher IQR', 'VC Within Higher IQR'), 0.8831452381684554)"
"('Misd Within Lower IQR', 'NGHBR: Southwest Queens', 'Noise - Residential')","(('Major Within Higher IQR', 'Residential Building/House'), 0.9980647431386348)"
"('Loud Music/Party', 'Noise - Residential', 'Nonmajor Within Lower IQR')","(('Major Within Higher IQR', 'Residential Building/House'), 0.864103893858853)"
"('Misd Within Lower IQR', 'Noise - Residential', 'VC Within Higher IQR')","(('Major Within Higher IQR', 'Residential Building/House'), 0.8032605837496714)"
"('NGHBR: Southwest Queens', 'Nonmajor Within Lower IQR')","(('Major Within Higher IQR', 'Poverty Level Lower than Median'), 0.7370361893135984)"
"('Noise Lower than IQR', 'Nonmajor Within Lower IQR', 'VC Within Higher IQR')","(('Major Within Higher IQR', 'Population Lower than IQR'), 0.8299809259580371)"
"('102', 'Misd Within Lower IQR', 'NGHBR: Southwest Queens', 'VC Within Higher IQR')","(('Major Within Higher IQR', 'Nonmajor Within Lower IQR'), 1.0)"
"('Nonmajor Within Lower IQR', 'Population Lower than IQR')","(('Major Within Higher IQR', 'Noise Lower than IQR', 'VC Within Higher IQR'), 0.8831452381684554)"
"('Nonmajor Within Lower IQR', 'Population Lower than IQR', 'VC Within Higher IQR')","(('Major Within Higher IQR', 'Noise Lower than IQR'), 0.9498908513593967)"
"('Misd Within Lower IQR', 'NGHBR: Southwest Queens', 'Residential Building/House')","(('Major Within Higher IQR', 'Noise - Residential'), 1.0)"
"('Loud Music/Party', 'Nonmajor Within Lower IQR', 'Residential Building/House')","(('Major Within Higher IQR', 'Noise - Residential'), 0.8656189795874191)"
"('Misd Within Lower IQR', 'Residential Building/House', 'VC Within Higher IQR')","(('Major Within Higher IQR', 'Noise - Residential'), 0.8044239631336405)"
"('102', 'Misd Within Lower IQR')","(('Major Within Higher IQR', 'NGHBR: Southwest Queens'), 1.0)"
"('102',)","(('Major Within Higher IQR', 'Misd Within Lower IQR', 'NGHBR: Southwest Queens'), 1.0)"
"('102', 'NGHBR: Southwest Queens')","(('Major Within Higher IQR', 'Misd Within Lower IQR'), 1.0)"
"('Misd Within Lower IQR', 'NGHBR: Southwest Queens', 'Poverty Level Lower than Median')","(('Major Within Higher IQR',), 1.0)"
"('NGHBR: Southwest Queens', 'Nonmajor Within Lower IQR', 'Poverty Level Lower than Median')","(('Major Within Higher IQR',), 1.0)"
"('102', 'Misd Within Lower IQR', 'NGHBR: Southwest Queens', 'Nonmajor Within Lower IQR', 'VC Within Higher IQR')","(('Major Within Higher IQR',), 1.0)"
"('NGHBR: Southwest Queens', 'Noise Lower than IQR', 'Population Lower than IQR')","(('Major Within Higher IQR',), 1.0)"
"('102', 'NGHBR: Southwest Queens', 'Nonmajor Within Lower IQR', 'VC Within Higher IQR')","(('Major Within Higher IQR',), 1.0)"
"('Misd Within Lower IQR', 'NGHBR: Southwest Queens', 'Noise - Residential', 'Residential Building/House', 'VC Within Higher IQR')","(('Major Within Higher IQR',), 1.0)"
"('Misd Within Lower IQR', 'NGHBR: Southwest Queens', 'Noise - Residential', 'VC Within Higher IQR')","(('Major Within Higher IQR',), 1.0)"
"('NGHBR: Southwest Queens', 'Noise Lower than IQR', 'Nonmajor Within Lower IQR')","(('Major Within Higher IQR',), 1.0)"
"('102', 'Misd Within Lower IQR', 'Nonmajor Within Lower IQR', 'VC Within Higher IQR')","(('Major Within Higher IQR',), 1.0)"
"('Misd Within Lower IQR', 'NGHBR: Southwest Queens', 'Poverty Level Lower than Median', 'VC Within Higher IQR')","(('Major Within Higher IQR',), 1.0)"
"('NGHBR: Southwest Queens', 'Nonmajor Within Lower IQR', 'Poverty Level Lower than Median', 'VC Within Higher IQR')","(('Major Within Higher IQR',), 1.0)"
"('Misd Within Lower IQR', 'NGHBR: Southwest Queens', 'Noise - Residential', 'Residential Building/House')","(('Major Within Higher IQR',), 1.0)"
"('102', 'Misd Within Lower IQR', 'NGHBR: Southwest Queens')","(('Major Within Higher IQR',), 1.0)"
"('Loud Music/Party', 'NGHBR: Southwest Queens', 'VC Within Higher IQR')","(('Major Within Higher IQR',), 1.0)"
"('102', 'VC Within Higher IQR')","(('Major Within Higher IQR',), 1.0)"
"('NGHBR: Southwest Queens', 'Noise - Residential', 'Residential Building/House', 'VC Within Higher IQR')","(('Major Within Higher IQR',), 1.0)"
"('NGHBR: Southwest Queens', 'Noise Lower than IQR', 'Population Lower than IQR', 'VC Within Higher IQR')","(('Major Within Higher IQR',), 1.0)"
"('Misd Within Lower IQR', 'NGHBR: Southwest Queens', 'Nonmajor Within Lower IQR', 'VC Within Higher IQR')","(('Major Within Higher IQR',), 1.0)"
"('Misd Within Lower IQR', 'NGHBR: Southwest Queens', 'Noise Lower than IQR', 'VC Within Higher IQR')","(('Major Within Higher IQR',), 1.0)"
"('NGHBR: Southwest Queens', 'Noise Lower than IQR', 'Nonmajor Within Lower IQR', 'VC Within Higher IQR')","(('Major Within Higher IQR',), 1.0)"
"('Noise Lower than IQR', 'Nonmajor Within Lower IQR', 'Population Lower than IQR', 'VC Within Higher IQR')","(('Major Within Higher IQR',), 0.9498908513593967)"
"('Misd Within Lower IQR', 'Noise Lower than IQR', 'Nonmajor Within Lower IQR', 'VC Within Higher IQR')","(('Major Within Higher IQR',), 0.9492666264818164)"
"('Noise Within Lower IQR', 'Nonmajor Within Lower IQR', 'Residential Building/House')","(('Major Within Higher IQR',), 0.9188319800124922)"
"('Noise - Residential', 'Noise Within Lower IQR', 'Nonmajor Within Lower IQR', 'Residential Building/House')","(('Major Within Higher IQR',), 0.9188319800124922)"
"('Misd Within Lower IQR', 'Noise - Residential', 'Nonmajor Within Lower IQR', 'Residential Building/House')","(('Major Within Higher IQR',), 0.916468983513225)"
"('Noise Within Lower IQR', 'Nonmajor Within Lower IQR', 'Population Higher than IQR')","(('Major Within Higher IQR',), 0.8950874985702848)"
"('Nonmajor Within Lower IQR', 'Population Higher than IQR')","(('Major Within Higher IQR',), 0.8950874985702848)"
"('Loud Music/Party', 'Noise - Residential', 'Nonmajor Within Lower IQR', 'Residential Building/House')","(('Major Within Higher IQR',), 0.8656189795874191)"
"('Noise - Residential', 'Nonmajor Within Lower IQR', 'Residential Building/House')","(('Major Within Higher IQR',), 0.8470348731359341)"
"('Loud Music/Party', 'Misd Within Lower IQR', 'VC Within Higher IQR')","(('Major Within Higher IQR',), 0.8094515910629655)"
"('Misd Within Lower IQR', 'Noise - Residential', 'Residential Building/House', 'VC Within Higher IQR')","(('Major Within Higher IQR',), 0.8044239631336405)"
"('Misd Within Higher IQR', 'NGHBR: West Queens')","(('Major Within Higher IQR',), 0.8035550617969727)"
"('Misd Within Lower IQR', 'Noise Lower than IQR', 'Population Lower than IQR', 'VC Within Higher IQR')","(('Major Within Higher IQR',), 0.7897455312474648)"
"('Misd Within Lower IQR', 'Population Lower than IQR', 'VC Within Higher IQR')","(('Major Within Higher IQR',), 0.7897455312474648)"
"('Misd Within Higher IQR', 'Noise Within Lower IQR')","(('Major Within Higher IQR',), 0.7865270338689477)"
"('Misd Within Lower IQR', 'Poverty Level Lower than Median', 'VC Within Higher IQR')","(('Major Within Higher IQR',), 0.7569373201551357)"
"('Loud Music/Party', 'Misd Within Lower IQR', 'Noise - Residential', 'Residential Building/House')","(('Major Within Higher IQR',), 0.755231837014752)"
"('Misd Within Higher IQR', 'Noise Lower than IQR', 'Nonmajor Within Higher IQR')","(('Major Higher than IQR',), 0.794745078659089)"
"('Noise Lower than IQR', 'Nonmajor Within Higher IQR', 'Poverty Level Higher than Median')","(('Major Higher than IQR',), 0.7837881873727087)"
"('Major Within Higher IQR', 'Noise - Residential', 'Nonmajor Within Lower IQR')","(('Loud Music/Party', 'Residential Building/House'), 0.7799535799964893)"
"('Noise - Residential', 'Poverty Level Lower than Median', 'VC Within Higher IQR')","(('Loud Music/Party', 'Residential Building/House'), 0.7545114345114345)"
"('Noise - Residential', 'VC Within Higher IQR')","(('Loud Music/Party', 'Residential Building/House'), 0.7501182343667893)"
"('Major Within Higher IQR', 'Noise - Residential', 'Poverty Level Lower than Median')","(('Loud Music/Party', 'Residential Building/House'), 0.7236105787658107)"
"('Noise - Residential', 'Noise Lower than IQR', 'Population Lower than IQR')","(('Loud Music/Party', 'Residential Building/House'), 0.7192497837900633)"
"('Population Lower than IQR', 'Residential Building/House', 'VC Within Higher IQR')","(('Loud Music/Party', 'Noise Lower than IQR'), 0.7542685220007521)"
"('Noise - Residential', 'Population Lower than IQR', 'Residential Building/House')","(('Loud Music/Party', 'Noise Lower than IQR'), 0.721092749084415)"
"('Major Within Higher IQR', 'Nonmajor Within Lower IQR', 'Residential Building/House')","(('Loud Music/Party', 'Noise - Residential'), 0.7813861695683608)"
"('Residential Building/House', 'VC Within Higher IQR')","(('Loud Music/Party', 'Noise - Residential'), 0.7518764320139053)"
"('Major Within Higher IQR', 'Poverty Level Lower than Median', 'Residential Building/House')","(('Loud Music/Party', 'Noise - Residential'), 0.7253481894150418)"
"('Noise Lower than IQR', 'Population Lower than IQR', 'Residential Building/House')","(('Loud Music/Party', 'Noise - Residential'), 0.721092749084415)"
"('Major Within Higher IQR', 'Noise - Residential', 'Residential Building/House', 'VC Within Higher IQR')","(('Loud Music/Party',), 0.7996034257267013)"
"('Major Within Higher IQR', 'Noise - Residential', 'Nonmajor Within Lower IQR', 'Residential Building/House')","(('Loud Music/Party',), 0.7813861695683608)"
"('Major Within Higher IQR', 'Noise - Residential', 'Noise Lower than IQR', 'Residential Building/House')","(('Loud Music/Party',), 0.760978344372236)"
"('Major Within Higher IQR', 'Residential Building/House')","(('Loud Music/Party',), 0.7568081518424169)"
"('Major Within Higher IQR', 'Noise - Residential', 'Residential Building/House')","(('Loud Music/Party',), 0.7568081518424169)"
"('Noise - Residential', 'Poverty Level Lower than Median', 'Residential Building/House', 'VC Within Higher IQR')","(('Loud Music/Party',), 0.7561463455287941)"
"('Poverty Level Lower than Median', 'Residential Building/House', 'VC Within Higher IQR')","(('Loud Music/Party',), 0.7561463455287941)"
"('Noise - Residential', 'Noise Lower than IQR', 'Population Lower than IQR', 'Residential Building/House', 'VC Within Higher IQR')","(('Loud Music/Party',), 0.7542685220007521)"
"('Noise Lower than IQR', 'Population Lower than IQR', 'Residential Building/House', 'VC Within Higher IQR')","(('Loud Music/Party',), 0.7542685220007521)"
"('Noise - Residential', 'Residential Building/House', 'VC Within Higher IQR')","(('Loud Music/Party',), 0.7518764320139053)"
"('Noise - Residential', 'Nonmajor Within Lower IQR', 'Poverty Level Lower than Median', 'Residential Building/House')","(('Loud Music/Party',), 0.7366257100078427)"
"('Major Within Higher IQR', 'Noise - Residential', 'Poverty Level Lower than Median', 'Residential Building/House')","(('Loud Music/Party',), 0.7253481894150418)"
"('Population Lower than IQR', 'Residential Building/House')","(('Loud Music/Party',), 0.721092749084415)"
"('Noise - Residential', 'Noise Lower than IQR', 'Population Lower than IQR', 'Residential Building/House')","(('Loud Music/Party',), 0.721092749084415)"
"('Noise Within Lower IQR', 'Residential Building/House')","(('Loud Music/Party',), 0.7102014673343426)"
"('Noise - Residential', 'Noise Within Lower IQR', 'Residential Building/House')","(('Loud Music/Party',), 0.7102014673343426)"
"('Noise - Residential', 'Noise Within Lower IQR')","(('Loud Music/Party',), 0.7099777412174586)"
"('Poverty Level Higher than Median', 'Residential Building/House')","(('Loud Music/Party',), 0.7053999583014803)"
"('Noise - Residential', 'Noise Lower than IQR', 'Poverty Level Higher than Median', 'Residential Building/House')","(('Loud Music/Party',), 0.7027061135449907)"
"('NGHBR: Northwest Queens', 'VC Higher than IQR')","(('114',), 1.0)"
"('Misd Within Lower IQR', 'NGHBR: Southwest Queens')","(('102', 'Major Within Higher IQR'), 0.7788218552957629)"
"('Major Within Higher IQR', 'Misd Within Lower IQR', 'NGHBR: Southwest Queens', 'Nonmajor Within Lower IQR', 'VC Within Higher IQR')","(('102',), 0.842261667860649)"
"('Major Within Higher IQR', 'Misd Within Lower IQR', 'NGHBR: Southwest Queens')","(('102',), 0.7788218552957629)"
